id,first_name,last_name,email,gender,eal_flag
1,Niles,Duffitt,gduffitt0@diigo.com,Bigender,N
2,Brew,Wardrop,dwardrop1@amazon.de,Male,N
3,Dacy,Proudlove,gproudlove2@storify.com,Female,N
4,Darryl,Eagger,jeagger3@walmart.com,Female,N
5,Jessee,Pettecrew,dpettecrew4@oaic.gov.au,Male,N
6,Berty,Burdikin,sburdikin5@slashdot.org,Female,N
7,Gabriell,Doget,hdoget6@illinois.edu,Female,N
8,Avictor,Dallewater,ddallewater7@who.int,Male,N
9,Natividad,Vines,tvines8@cargocollective.com,Female,N
10,Martelle,Greystoke,ngreystoke9@utexas.edu,Female,N
11,Desirae,Beardon,fbeardona@blog.com,Female,N
12,Verney,Ivashnikov,bivashnikovb@netvibes.com,Male,N
13,Abby,Fiander,tfianderc@mtv.com,Genderfluid,N
14,Loella,Andersen,kandersend@nhs.uk,Female,N
15,Irvin,Leed,vleede@myspace.com,Male,N
16,Vivianne,Lemmens,glemmensf@lulu.com,Female,N
17,Ximenes,Keyes,tkeyesg@usgs.gov,Male,N
18,Waiter,McAnalley,dmcanalleyh@hatena.ne.jp,Male,N
19,Vivyan,Philippard,aphilippardi@bing.com,Non-binary,N
20,Zachary,Sharphurst,wsharphurstj@cdbaby.com,Male,N
21,Hughie,Gouch,dgouchk@cpanel.net,Non-binary,N
22,Myrta,Seth,csethl@angelfire.com,Female,N
23,Birdie,Hobson,nhobsonm@reference.com,Female,N
24,Hayden,Fearick,hfearickn@cisco.com,Male,N
25,Imelda,Gentry,jgentryo@dion.ne.jp,Female,N
26,Vincent,Ghost,tghostp@irs.gov,Male,N
27,Dukey,Slainey,fslaineyq@hp.com,Bigender,N
28,Sammy,Rice,kricer@epa.gov,Female,N
29,Garik,Jeandeau,pjeandeaus@feedburner.com,Male,N
30,Duky,Duckitt,sduckittt@nsw.gov.au,Male,N
31,Jamison,Spirit,zspiritu@chicagotribune.com,Male,N
32,Andra,Semken,gsemkenv@si.edu,Female,N
33,Bar,Bennett,fbennettw@epa.gov,Male,N
34,Ellynn,Astin,eastinx@ocn.ne.jp,Female,N
35,Scotti,Tremaine,ttremainey@sohu.com,Male,N
36,Maurise,Stigers,gstigersz@businessweek.com,Female,N
37,Conway,Blasoni,gblasoni10@aol.com,Male,N
38,Alaster,Standbridge,mstandbridge11@barnesandnoble.com,Male,N
39,Renell,Bugs,kbugs12@bbc.co.uk,Female,N
40,Erek,Veale,rveale13@weebly.com,Male,N
41,Bear,Lodo,olodo14@harvard.edu,Male,N
42,Rachel,Buyers,cbuyers15@quantcast.com,Female,N
43,Cull,Newdick,jnewdick16@samsung.com,Male,N
44,Gloriana,Phlippi,cphlippi17@buzzfeed.com,Female,N
45,Cayla,Doudney,gdoudney18@reddit.com,Female,N
46,Robbyn,McKennan,fmckennan19@cargocollective.com,Female,N
47,Dalt,Epsly,mepsly1a@linkedin.com,Male,N
48,Linn,Arundale,rarundale1b@over-blog.com,Male,N
49,Ceciley,Ringer,rringer1c@printfriendly.com,Female,N
50,Adair,Mation,dmation1d@sohu.com,Male,N
51,Hynda,Donneely,kdonneely1e@myspace.com,Female,N
52,Berte,Harrold,wharrold1f@rediff.com,Female,N
53,Buffy,Stille,rstille1g@bbb.org,Female,N
54,Trumaine,Blasius,iblasius1h@geocities.jp,Male,N
55,Elbert,Berthome,cberthome1i@ning.com,Male,N
56,Marchall,Wadforth,swadforth1j@de.vu,Male,N
57,Clio,Byars,lbyars1k@icq.com,Female,N
58,Nathan,Spafford,aspafford1l@1688.com,Male,N
59,Ramsay,Mulholland,emulholland1m@jimdo.com,Male,N
60,Mara,Winspire,swinspire1n@spiegel.de,Female,N
61,Juli,MacKay,dmackay1o@gnu.org,Female,N
62,Yvor,Maddison,bmaddison1p@bbb.org,Bigender,N
63,Deck,Gillanders,lgillanders1q@chron.com,Male,N
64,Abra,Delahunty,idelahunty1r@dailymotion.com,Non-binary,N
65,Charline,Stotherfield,rstotherfield1s@dion.ne.jp,Female,N
66,Denni,Steenson,asteenson1t@creativecommons.org,Female,N
67,Herb,Tomashov,gtomashov1u@cam.ac.uk,Genderqueer,N
68,Freddie,Di Baudi,bdibaudi1v@123-reg.co.uk,Female,N
69,Aurel,Darbey,pdarbey1w@e-recht24.de,Female,N
70,Joseph,Padkin,npadkin1x@google.de,Male,N
71,Shayne,Tothe,gtothe1y@army.mil,Female,N
72,Thurston,Buckney,nbuckney1z@omniture.com,Male,N
73,Barn,Marskell,rmarskell20@indiegogo.com,Male,N
74,Anestassia,Fontel,tfontel21@go.com,Female,N
75,Tammie,Neward,jneward22@army.mil,Female,N
76,Lonnie,Wasmuth,mwasmuth23@hatena.ne.jp,Female,N
77,Whit,Aaron,laaron24@people.com.cn,Male,N
78,Jedediah,Ida,jida25@sbwire.com,Male,N
79,Calhoun,Bleacher,lbleacher26@ftc.gov,Male,N
80,Kimmy,Huske,lhuske27@uiuc.edu,Agender,N
81,Corena,Ducroe,nducroe28@google.com.au,Female,N
82,Bob,Alvaro,nalvaro29@oaic.gov.au,Male,N
83,Marietta,Fortey,bfortey2a@google.co.uk,Female,N
84,Flem,Mico,dmico2b@cornell.edu,Male,N
85,Nels,Poole,fpoole2c@unicef.org,Male,N
86,Jozef,Leeburn,kleeburn2d@usgs.gov,Male,N
87,Daron,Hallet,mhallet2e@photobucket.com,Genderfluid,N
88,Kristina,Moughtin,amoughtin2f@linkedin.com,Female,N
89,Lisabeth,Lindwall,tlindwall2g@tripod.com,Female,N
90,Agnese,Hodgets,rhodgets2h@blogspot.com,Genderfluid,N
91,Ingar,Mooreed,gmooreed2i@networksolutions.com,Male,N
92,Fan,Simcock,vsimcock2j@cornell.edu,Female,N
93,Perrine,Reddle,lreddle2k@hp.com,Female,N
94,Saunder,Velten,wvelten2l@cbslocal.com,Genderfluid,N
95,Conroy,Limon,hlimon2m@alibaba.com,Male,N
96,Virge,Edwicke,eedwicke2n@yellowbook.com,Male,N
97,Ellsworth,Peete,dpeete2o@i2i.jp,Male,N
98,Fabien,Blackaller,mblackaller2p@forbes.com,Male,N
99,Abram,Bartlomiej,dbartlomiej2q@ycombinator.com,Male,N
100,Jorge,Ravens,cravens2r@google.com.hk,Male,N
101,Tedman,Eastope,veastope2s@nifty.com,Male,N
102,Ivor,Ashwell,eashwell2t@abc.net.au,Male,N
103,Hymie,Maddocks,dmaddocks2u@wix.com,Genderqueer,N
104,Lilla,Coytes,hcoytes2v@php.net,Female,N
105,Lu,Souza,bsouza2w@desdev.cn,Female,N
106,Leyla,Meas,bmeas2x@wp.com,Female,N
107,Anthe,Esselen,eesselen2y@icio.us,Agender,N
108,Cirillo,Bellefonte,bbellefonte2z@census.gov,Male,N
109,Wylie,Beneix,jbeneix30@gov.uk,Male,N
110,Janot,Cousins,ccousins31@fotki.com,Female,N
111,Kamila,Hefner,fhefner32@shop-pro.jp,Female,N
112,Lorette,Hick,bhick33@cocolog-nifty.com,Female,N
113,Brinna,Ferriere,aferriere34@cisco.com,Female,N
114,Erhart,Potts,fpotts35@unc.edu,Male,N
115,Tamiko,Smeeton,ssmeeton36@altervista.org,Female,N
116,Logan,Lorking,mlorking37@oracle.com,Male,N
117,Anne-marie,Hazeman,dhazeman38@oaic.gov.au,Female,N
118,Helenelizabeth,Episcopi,kepiscopi39@answers.com,Polygender,N
119,Elly,Mitchard,mmitchard3a@cloudflare.com,Female,N
120,Courtney,Sire,asire3b@wiley.com,Female,N
121,Eva,Daye,bdaye3c@taobao.com,Female,N
122,Winfred,Snel,lsnel3d@wordpress.org,Male,N
123,Alexi,Jepensen,sjepensen3e@lycos.com,Female,N
124,Isa,Meeron,dmeeron3f@furl.net,Female,N
125,Ketti,Harkes,jharkes3g@wsj.com,Female,N
126,Selestina,Lowten,ulowten3h@ucoz.com,Female,N
127,Nan,Stut,astut3i@about.me,Female,N
128,Hillel,Cramond,pcramond3j@nytimes.com,Genderfluid,N
129,Patin,Jaggli,ajaggli3k@deviantart.com,Male,N
130,Jessie,Irving,airving3l@google.it,Male,N
131,Haily,Fairall,rfairall3m@ehow.com,Male,N
132,Drugi,Shuard,jshuard3n@dailymotion.com,Polygender,N
133,Kerwinn,Segar,ssegar3o@e-recht24.de,Male,N
134,Reggy,Saintpierre,asaintpierre3p@so-net.ne.jp,Male,N
135,Leonora,Torrisi,rtorrisi3q@census.gov,Female,N
136,Cal,Kayne,vkayne3r@yandex.ru,Male,N
137,Jennette,Curnok,acurnok3s@twitter.com,Bigender,N
138,Werner,Nicely,anicely3t@jimdo.com,Male,N
139,Eleni,Josephi,ljosephi3u@soundcloud.com,Female,N
140,Korrie,Messiter,bmessiter3v@techcrunch.com,Female,N
141,Guinna,Baxstar,cbaxstar3w@discovery.com,Female,N
142,Etienne,Hurford,fhurford3x@linkedin.com,Male,N
143,Liliane,Pringley,apringley3y@trellian.com,Female,N
144,Pandora,Heeron,cheeron3z@google.com.hk,Female,N
145,Eleni,Ickowics,dickowics40@spotify.com,Female,N
146,Rube,Trevain,jtrevain41@amazon.de,Male,N
147,Hillery,Thrustle,hthrustle42@quantcast.com,Male,N
148,Selinda,MacIlriach,bmacilriach43@eepurl.com,Female,N
149,Boris,Bunten,gbunten44@cnet.com,Male,N
150,Hermina,Robion,wrobion45@squidoo.com,Female,N
151,Dino,Suett,fsuett46@vistaprint.com,Male,N
152,Yvor,Sigge,psigge47@vinaora.com,Male,N
153,Amelia,Curtoys,hcurtoys48@google.ca,Female,N
154,Margie,Pittwood,kpittwood49@webeden.co.uk,Female,N
155,Tressa,Tomasini,jtomasini4a@ning.com,Female,N
156,Thomasin,Hischke,vhischke4b@tmall.com,Female,N
157,Gayle,Postgate,bpostgate4c@loc.gov,Female,N
158,Nadine,Woolaston,rwoolaston4d@drupal.org,Female,N
159,Ardyce,Lente,elente4e@list-manage.com,Female,N
160,Libbie,Shoutt,ashoutt4f@vimeo.com,Genderfluid,N
161,Perry,Paoloni,rpaoloni4g@arizona.edu,Female,N
162,Salomone,Ghirigori,jghirigori4h@psu.edu,Non-binary,N
163,Traver,Loveguard,hloveguard4i@infoseek.co.jp,Male,N
164,Friederike,Worsam,eworsam4j@alexa.com,Female,N
165,Viola,Josifovitz,djosifovitz4k@php.net,Female,N
166,Rania,Skyppe,gskyppe4l@bbc.co.uk,Female,N
167,Syd,Ellerby,mellerby4m@ca.gov,Male,N
168,Ricki,Andreas,mandreas4n@ucla.edu,Female,N
169,Xaviera,Shingler,cshingler4o@mail.ru,Bigender,N
170,Wakefield,Bishopp,fbishopp4p@princeton.edu,Male,N
171,Juliane,Alyutin,balyutin4q@yellowpages.com,Female,N
172,Rafaello,Windibank,wwindibank4r@merriam-webster.com,Male,N
173,Elka,Fassum,afassum4s@issuu.com,Female,N
174,Vally,Deniskevich,adeniskevich4t@yale.edu,Female,N
175,Dougy,Pacheco,cpacheco4u@psu.edu,Male,N
176,Sebastien,Orsi,worsi4v@omniture.com,Male,N
177,Britt,Sangar,bsangar4w@jalbum.net,Male,N
178,Jeth,Ardling,fardling4x@cdc.gov,Male,N
179,Kermie,Blainey,dblainey4y@arstechnica.com,Male,N
180,Cynthie,Shadrack,dshadrack4z@nhs.uk,Female,N
181,Julie,Applegarth,dapplegarth50@wufoo.com,Female,N
182,Freida,Notman,knotman51@hao123.com,Female,N
183,Kelbee,Chatelet,cchatelet52@ft.com,Male,N
184,Otha,Siegertsz,ksiegertsz53@dropbox.com,Female,N
185,Octavius,Steger,xsteger54@scribd.com,Male,N
186,Web,Garie,lgarie55@nymag.com,Male,N
187,Miner,Gossage,mgossage56@parallels.com,Polygender,N
188,Ilsa,Parchment,aparchment57@irs.gov,Female,N
189,Clay,Bransden,bbransden58@webmd.com,Male,N
190,Franky,Walding,awalding59@amazon.co.uk,Male,N
191,Wilfred,Ruger,zruger5a@mozilla.org,Male,N
192,Patrick,Lawey,alawey5b@nasa.gov,Male,N
193,Weber,Grinstead,dgrinstead5c@ycombinator.com,Male,N
194,Tades,Emslie,kemslie5d@guardian.co.uk,Male,N
195,Roarke,Pallant,hpallant5e@wsj.com,Male,N
196,Laure,Gannan,ggannan5f@ycombinator.com,Female,N
197,Philipa,Hudleston,hhudleston5g@tiny.cc,Bigender,N
198,Gayler,Murrhaupt,nmurrhaupt5h@chicagotribune.com,Male,N
199,Donovan,Hartwell,jhartwell5i@yahoo.co.jp,Male,N
200,Algernon,Engeham,wengeham5j@columbia.edu,Male,N
201,Orelle,Blaylock,sblaylock5k@oaic.gov.au,Female,N
202,Curtice,Ucceli,aucceli5l@google.de,Agender,N
203,Salli,Candie,scandie5m@opensource.org,Female,N
204,Mehetabel,Bernardinelli,ubernardinelli5n@ezinearticles.com,Female,N
205,Karlene,Lipscombe,plipscombe5o@nhs.uk,Female,N
206,Ransell,Tamplin,dtamplin5p@hexun.com,Male,N
207,Marcellina,Myderscough,jmyderscough5q@live.com,Female,N
208,Brynne,Chapiro,wchapiro5r@cdbaby.com,Female,N
209,Hewie,Swindle,sswindle5s@dagondesign.com,Male,N
210,Avivah,Gerhts,pgerhts5t@yellowpages.com,Female,N
211,Willie,Parley,wparley5u@cbsnews.com,Female,N
212,Olympe,Caldera,vcaldera5v@mashable.com,Female,N
213,Farlay,Brimble,dbrimble5w@mozilla.org,Male,N
214,Brewster,Willavize,cwillavize5x@uiuc.edu,Male,N
215,Donny,Hoggan,vhoggan5y@rediff.com,Male,N
216,Aylmer,Danton,edanton5z@google.fr,Male,N
217,Aeriela,Warton,gwarton60@ihg.com,Female,N
218,Delainey,Barczewski,ibarczewski61@storify.com,Male,N
219,Sande,Carlyle,rcarlyle62@cloudflare.com,Female,N
220,Tom,Sergeant,gsergeant63@huffingtonpost.com,Male,N
221,Myrna,Mugglestone,amugglestone64@imgur.com,Female,N
222,Stephie,Dominici,cdominici65@exblog.jp,Female,N
223,Tammy,Simionescu,asimionescu66@themeforest.net,Genderqueer,N
224,Hashim,Kenrat,pkenrat67@adobe.com,Male,N
225,Kacie,Claw,oclaw68@about.com,Genderfluid,N
226,Gabey,Savidge,gsavidge69@cdc.gov,Female,N
227,Ellen,Warner,cwarner6a@hud.gov,Female,N
228,Walther,Hadrill,thadrill6b@icq.com,Male,N
229,Dolley,Costellow,fcostellow6c@wikipedia.org,Female,N
230,Stacey,Kearle,fkearle6d@prlog.org,Female,N
231,Randee,Orgen,norgen6e@mozilla.com,Female,N
232,Mateo,Brunnstein,mbrunnstein6f@theglobeandmail.com,Male,N
233,Nicole,Chipp,cchipp6g@zimbio.com,Female,N
234,Marmaduke,Wayman,hwayman6h@github.com,Polygender,N
235,Ashley,Rampling,arampling6i@salon.com,Male,N
236,Ivar,Simla,hsimla6j@t-online.de,Male,N
237,Jule,Davitashvili,ddavitashvili6k@ftc.gov,Male,N
238,Joe,Mudd,smudd6l@purevolume.com,Male,N
239,Rebekkah,Sapson,ksapson6m@github.com,Female,N
240,Ravid,Padberry,spadberry6n@craigslist.org,Male,N
241,Shandie,O'Gavin,kogavin6o@gnu.org,Female,N
242,Anet,Clowser,tclowser6p@rambler.ru,Female,N
243,Patrizia,Camelin,rcamelin6q@ifeng.com,Female,N
244,Virginie,Andrich,handrich6r@google.co.uk,Female,N
245,Trenna,Obey,eobey6s@clickbank.net,Female,N
246,Lizabeth,Dallywater,gdallywater6t@homestead.com,Female,N
247,Wit,McQuillen,ymcquillen6u@usa.gov,Male,N
248,Killie,Pero,npero6v@youku.com,Male,N
249,Warden,Mardall,pmardall6w@ameblo.jp,Male,N
250,Dorie,Parfitt,sparfitt6x@hp.com,Male,N
251,Livia,Bernhardi,jbernhardi6y@dailymotion.com,Female,N
252,Marta,Ingram,lingram6z@skype.com,Female,N
253,Matthias,Yushachkov,byushachkov70@ebay.co.uk,Male,N
254,Annamarie,Masey,zmasey71@imdb.com,Female,N
255,Joanna,Gradly,lgradly72@over-blog.com,Female,N
256,Olivero,Boutell,sboutell73@sourceforge.net,Male,N
257,Corrie,Keoghan,jkeoghan74@unicef.org,Female,N
258,Lorin,Woolveridge,gwoolveridge75@usatoday.com,Male,N
259,Christye,Pappin,qpappin76@noaa.gov,Female,N
260,Friedrich,Bernier,tbernier77@google.de,Agender,N
261,Ax,Gridley,cgridley78@wsj.com,Male,N
262,Thacher,Carlaw,bcarlaw79@google.com.br,Male,N
263,Roldan,Berringer,aberringer7a@newyorker.com,Male,N
264,Wylie,Ivel,rivel7b@symantec.com,Male,N
265,Elsa,Van Leeuwen,hvanleeuwen7c@rakuten.co.jp,Female,N
266,Corny,McLay,tmclay7d@blinklist.com,Male,N
267,Huey,Severwright,mseverwright7e@vkontakte.ru,Male,N
268,Stormi,Tipper,etipper7f@salon.com,Female,N
269,Chris,Ridler,cridler7g@mapquest.com,Bigender,N
270,Nalani,Probbin,aprobbin7h@odnoklassniki.ru,Agender,N
271,Humfrey,Edelston,cedelston7i@soup.io,Male,N
272,Othilia,Raw,wraw7j@globo.com,Female,N
273,Maudie,McAneny,wmcaneny7k@patch.com,Female,N
274,Willis,O'Flynn,doflynn7l@exblog.jp,Male,N
275,Jermain,Grealey,agrealey7m@example.com,Male,N
276,Yehudit,Wrigley,jwrigley7n@exblog.jp,Polygender,N
277,Larina,Rivaland,hrivaland7o@hao123.com,Female,N
278,Dagny,Zuanelli,qzuanelli7p@dropbox.com,Male,N
279,Thom,Beevers,ebeevers7q@utexas.edu,Male,N
280,Pauli,Mugg,amugg7r@digg.com,Female,N
281,Zaccaria,Jedryka,ojedryka7s@surveymonkey.com,Male,N
282,Kennith,Ruppert,druppert7t@zdnet.com,Male,N
283,Benedicto,Colwill,ocolwill7u@etsy.com,Male,N
284,Korie,Corser,dcorser7v@xrea.com,Female,N
285,Michelina,Arnow,tarnow7w@psu.edu,Female,N
286,Morna,Clampton,vclampton7x@wikia.com,Female,N
287,Mohandis,McIndrew,imcindrew7y@hp.com,Male,N
288,Daile,Hayhoe,thayhoe7z@state.gov,Female,N
289,Deidre,Remer,dremer80@cbslocal.com,Female,N
290,Odilia,Dawkins,rdawkins81@reuters.com,Female,N
291,Jenifer,Stradling,tstradling82@opensource.org,Female,N
292,Lewes,Stoneley,hstoneley83@answers.com,Bigender,N
293,Marnia,Furby,hfurby84@hud.gov,Female,N
294,Rutherford,Woollin,ewoollin85@sitemeter.com,Male,N
295,Branden,Duker,eduker86@google.ru,Male,N
296,Kane,McMenamin,cmcmenamin87@unc.edu,Male,N
297,Afton,Nieass,wnieass88@discovery.com,Female,N
298,Avivah,Cockroft,zcockroft89@github.io,Genderfluid,N
299,Keir,Beastall,bbeastall8a@trellian.com,Male,N
300,Mordecai,Venners,rvenners8b@boston.com,Male,N
301,Nigel,Joost,tjoost8c@sciencedirect.com,Male,N
302,Neils,Stelle,lstelle8d@aboutads.info,Genderqueer,N
303,Esme,Reightley,kreightley8e@smh.com.au,Male,N
304,Ole,Cotilard,ncotilard8f@samsung.com,Male,N
305,Marti,Greiswood,ggreiswood8g@shareasale.com,Female,N
306,Opaline,Picot,spicot8h@unesco.org,Genderfluid,N
307,Annabell,Charteris,wcharteris8i@wired.com,Female,N
308,Boothe,Laverty,nlaverty8j@dyndns.org,Male,N
309,Amandi,Kleeborn,kkleeborn8k@sina.com.cn,Female,N
310,Gerta,Waliszewski,gwaliszewski8l@ebay.co.uk,Female,N
311,Doro,Orwin,xorwin8m@goo.ne.jp,Female,N
312,Gwenny,Kingswood,gkingswood8n@ox.ac.uk,Female,N
313,Fenelia,Eberz,teberz8o@so-net.ne.jp,Polygender,N
314,Bronny,Saintsbury,fsaintsbury8p@dedecms.com,Male,N
315,Dana,Mucci,dmucci8q@github.io,Non-binary,N
316,Hephzibah,Allingham,lallingham8r@de.vu,Female,N
317,Harmonia,Leeb,fleeb8s@canalblog.com,Female,N
318,Maure,Crusham,ecrusham8t@google.ru,Female,N
319,Kimberly,Giannoni,bgiannoni8u@europa.eu,Polygender,N
320,Fayette,Swait,cswait8v@wunderground.com,Female,N
321,Seth,MacChaell,imacchaell8w@ed.gov,Male,N
322,Elenore,Cockson,dcockson8x@hp.com,Female,N
323,Bear,Balwin,vbalwin8y@fema.gov,Male,N
324,Stanislaus,McPhate,bmcphate8z@bbc.co.uk,Male,N
325,Emeline,Broomhall,cbroomhall90@usgs.gov,Female,N
326,Karina,Coonihan,bcoonihan91@oaic.gov.au,Female,N
327,Gail,Bauldry,nbauldry92@amazon.co.jp,Male,N
328,Avrom,Winsley,bwinsley93@businesswire.com,Male,N
329,Laurel,Craise,fcraise94@ucsd.edu,Agender,N
330,Job,Boatright,bboatright95@plala.or.jp,Agender,N
331,Dena,Rosenau,nrosenau96@zimbio.com,Female,N
332,Suzy,Kollatsch,rkollatsch97@netvibes.com,Female,N
333,Rolf,Panketh,gpanketh98@dion.ne.jp,Male,N
334,Eal,Tolomei,itolomei99@comcast.net,Male,N
335,Gelya,Mariette,wmariette9a@sitemeter.com,Female,N
336,Georgena,Phelit,ephelit9b@ameblo.jp,Female,N
337,Gail,Leglise,lleglise9c@apache.org,Male,N
338,Slade,Durman,gdurman9d@hugedomains.com,Male,N
339,Laurence,Brigstock,ebrigstock9e@wikia.com,Male,N
340,Nealon,Lesmonde,slesmonde9f@webs.com,Male,N
341,Merilyn,Langlois,nlanglois9g@google.com.hk,Female,N
342,Rolando,Hughes,ahughes9h@bbc.co.uk,Male,N
343,Patience,Enos,menos9i@qq.com,Genderqueer,N
344,Shirline,Strowan,wstrowan9j@virginia.edu,Female,N
345,Justis,Spreag,mspreag9k@blogtalkradio.com,Male,N
346,Renado,Schwant,ischwant9l@imgur.com,Genderqueer,N
347,Conant,Readmire,rreadmire9m@ftc.gov,Male,N
348,Carissa,O'Shaughnessy,coshaughnessy9n@ucoz.ru,Female,N
349,Ivor,Rubanenko,crubanenko9o@patch.com,Male,N
350,Charil,Faulkner,sfaulkner9p@about.me,Female,N
351,Rudolfo,Snoddin,csnoddin9q@shop-pro.jp,Male,N
352,Mahmud,Bernier,gbernier9r@infoseek.co.jp,Male,N
353,Pippo,O'Loughnan,boloughnan9s@newsvine.com,Male,N
354,Nikolai,Wallbank,awallbank9t@creativecommons.org,Genderfluid,N
355,Babs,Tchaikovsky,etchaikovsky9u@studiopress.com,Female,N
356,Diena,Erie,perie9v@t-online.de,Female,N
357,Pablo,Anlay,sanlay9w@webnode.com,Male,N
358,Jo-anne,Petit,lpetit9x@nytimes.com,Polygender,N
359,Jourdain,Rolles,arolles9y@ebay.com,Male,N
360,Minor,Tousey,mtousey9z@pbs.org,Male,N
361,Coretta,Houldey,khouldeya0@archive.org,Female,N
362,Ephraim,Rickards,crickardsa1@xrea.com,Male,N
363,Karalynn,Scotchmor,rscotchmora2@patch.com,Female,N
364,Danna,Giametti,cgiamettia3@yelp.com,Female,N
365,Kilian,Silver,rsilvera4@flickr.com,Male,N
366,Matias,Halford,ehalforda5@biblegateway.com,Male,N
367,Boycey,Fine,nfinea6@adobe.com,Male,N
368,Kearney,Mathivat,amathivata7@craigslist.org,Male,N
369,Morley,Whitehouse,iwhitehousea8@nps.gov,Male,N
370,Bradney,Leas,pleasa9@youku.com,Male,N
371,Vania,Keith,ckeithaa@ibm.com,Female,N
372,Kippie,Kuhne,rkuhneab@businessweek.com,Male,N
373,Gifford,Howgate,ahowgateac@goodreads.com,Male,N
374,Gaby,Covington,rcovingtonad@so-net.ne.jp,Male,N
375,Pru,von Grollmann,rvongrollmannae@technorati.com,Genderfluid,N
376,Arte,Cheetham,dcheethamaf@google.pl,Male,N
377,Che,Broseke,pbrosekeag@hc360.com,Male,N
378,Miranda,O'Glessane,coglessaneah@youtu.be,Female,N
379,Pammie,Whichelow,bwhichelowai@blogger.com,Female,N
380,Osgood,Aldam,daldamaj@ebay.com,Male,N
381,Zaneta,Commusso,vcommussoak@gizmodo.com,Female,N
382,Ami,Yurukhin,hyurukhinal@desdev.cn,Female,N
383,Kienan,Burrells,mburrellsam@unicef.org,Male,N
384,Ruthie,Towler,wtowleran@wikispaces.com,Female,N
385,Eduard,Devin,ndevinao@shareasale.com,Genderfluid,N
386,Cass,Isacq,nisacqap@microsoft.com,Male,N
387,Michele,Galliard,igalliardaq@goo.gl,Female,N
388,Melania,Robrow,trobrowar@whitehouse.gov,Bigender,N
389,Dania,Blackley,nblackleyas@tripod.com,Female,N
390,Ferdinand,Ovendon,dovendonat@google.it,Male,N
391,Giorgia,Rove,lroveau@vinaora.com,Female,N
392,Kayla,Batsford,tbatsfordav@wisc.edu,Female,N
393,Rodolph,Byre,cbyreaw@sohu.com,Male,N
394,Abagael,Dixey,ddixeyax@histats.com,Female,N
395,Marcille,Weine,tweineay@independent.co.uk,Female,N
396,Meade,Normaville,bnormavilleaz@mysql.com,Female,N
397,Alma,Shaefer,vshaeferb0@trellian.com,Female,N
398,Pieter,Bransgrove,gbransgroveb1@deliciousdays.com,Male,N
399,Morris,Renshall,hrenshallb2@nps.gov,Male,N
400,Lotta,Gossage,dgossageb3@amazon.co.uk,Female,N
401,Taite,Lidington,flidingtonb4@baidu.com,Male,N
402,Davis,Tixier,otixierb5@wired.com,Male,N
403,Ibby,Beare,hbeareb6@jalbum.net,Female,N
404,Silvia,Eamer,oeamerb7@tumblr.com,Genderqueer,N
405,Sergei,Lamminam,flamminamb8@geocities.jp,Male,N
406,Lowell,Percival,rpercivalb9@imageshack.us,Male,N
407,Sidnee,Parsons,cparsonsba@huffingtonpost.com,Male,N
408,Westley,Woffinden,awoffindenbb@google.fr,Male,N
409,Lynelle,Barrabeale,sbarrabealebc@freewebs.com,Female,N
410,Abdel,Gomez,hgomezbd@netvibes.com,Agender,N
411,Aloise,Castagneri,scastagneribe@bluehost.com,Female,N
412,Torey,Luciano,slucianobf@marriott.com,Male,N
413,Goldina,Vigrass,kvigrassbg@statcounter.com,Female,N
414,Vernice,Jinkins,sjinkinsbh@mozilla.com,Female,N
415,Rudolph,Lemery,plemerybi@senate.gov,Male,N
416,Bridie,Rosebotham,srosebothambj@cisco.com,Female,N
417,Kathie,Andryszczak,oandryszczakbk@cornell.edu,Female,N
418,Katinka,Utton,cuttonbl@baidu.com,Female,N
419,Eleonore,Reese,jreesebm@cnet.com,Female,N
420,Teri,Moorerud,bmoorerudbn@biblegateway.com,Female,N
421,Toddie,Scheu,ascheubo@sakura.ne.jp,Male,N
422,Magdalena,Toseland,mtoselandbp@exblog.jp,Female,N
423,Brennan,Shirley,gshirleybq@mayoclinic.com,Male,N
424,Roanne,Fulham,sfulhambr@prlog.org,Female,N
425,Zebedee,Cavozzi,pcavozzibs@archive.org,Male,N
426,Damaris,Sussans,gsussansbt@tuttocitta.it,Female,N
427,Ajay,Truggian,mtruggianbu@cisco.com,Female,N
428,Marylou,Bicheno,abichenobv@prlog.org,Non-binary,N
429,Fonz,Bavidge,abavidgebw@topsy.com,Male,N
430,Valli,Jozwicki,gjozwickibx@sakura.ne.jp,Female,N
431,Mariette,Hyde,nhydeby@pen.io,Female,N
432,Haleigh,Goodban,bgoodbanbz@acquirethisname.com,Male,N
433,Lise,Suggey,msuggeyc0@example.com,Female,N
434,Abra,Botfield,rbotfieldc1@printfriendly.com,Bigender,N
435,Shana,Folk,jfolkc2@pinterest.com,Female,N
436,Germana,Diego,hdiegoc3@stanford.edu,Female,N
437,Broddie,Eltun,neltunc4@newsvine.com,Male,N
438,Wynn,Moodey,cmoodeyc5@dion.ne.jp,Male,N
439,Hendrik,McWhirter,hmcwhirterc6@yellowpages.com,Male,N
440,Genevieve,Bayley,pbayleyc7@zimbio.com,Female,N
441,Ichabod,Pendered,cpenderedc8@mayoclinic.com,Male,N
442,Ines,Rosendahl,frosendahlc9@geocities.com,Female,N
443,Kyle,Gallop,mgallopca@slideshare.net,Female,N
444,Stinky,Bartczak,sbartczakcb@hhs.gov,Male,N
445,Brockie,Farrer,vfarrercc@nhs.uk,Male,N
446,Romola,Vidineev,avidineevcd@fastcompany.com,Female,N
447,Madeleine,Keeling,rkeelingce@reverbnation.com,Female,N
448,Pace,Rosellini,crosellinicf@livejournal.com,Male,N
449,Yard,Brandts,tbrandtscg@mapquest.com,Male,N
450,Candi,Musk,bmuskch@friendfeed.com,Female,N
451,Roderic,Dampney,adampneyci@google.ru,Male,N
452,Arman,Antoniewski,aantoniewskicj@cnn.com,Non-binary,N
453,Kort,Shrive,fshriveck@shareasale.com,Male,N
454,Wade,Barltrop,hbarltropcl@blog.com,Male,N
455,Fowler,Paullin,mpaullincm@nytimes.com,Male,N
456,Melantha,Tweedle,wtweedlecn@freewebs.com,Female,N
457,Lionello,Jaegar,jjaegarco@merriam-webster.com,Male,N
458,Zeke,Axcel,aaxcelcp@psu.edu,Male,N
459,Albert,Grenville,ggrenvillecq@icq.com,Male,N
460,Nevins,Gatesman,cgatesmancr@irs.gov,Male,N
461,Bari,Westwood,twestwoodcs@wisc.edu,Female,N
462,Cynde,Arundell,sarundellct@squarespace.com,Genderfluid,N
463,Ashby,Skylett,wskylettcu@utexas.edu,Male,N
464,Deeann,Fernley,ffernleycv@4shared.com,Female,N
465,Baudoin,Reihill,treihillcw@uiuc.edu,Male,N
466,Madelin,Kleiser,akleisercx@bloglines.com,Female,N
467,Stanleigh,Aubrey,maubreycy@addthis.com,Male,N
468,Merrili,Gilcriest,lgilcriestcz@patch.com,Female,N
469,Hendrika,Coldrick,ccoldrickd0@gizmodo.com,Female,N
470,Aubert,Habden,chabdend1@seesaa.net,Male,N
471,Loralie,Leynton,dleyntond2@unicef.org,Female,N
472,Celestia,Rout,droutd3@google.com,Female,N
473,Abbye,Juszczyk,bjuszczykd4@wikispaces.com,Female,N
474,Josie,Gloucester,rgloucesterd5@blogs.com,Female,N
475,Malina,Massy,wmassyd6@shinystat.com,Female,N
476,Maddie,Deason,pdeasond7@gov.uk,Polygender,N
477,Andras,Toderini,mtoderinid8@wunderground.com,Male,N
478,Fee,Deeman,pdeemand9@xing.com,Male,N
479,Philbert,Galgey,hgalgeyda@umich.edu,Male,N
480,Selena,Drepp,tdreppdb@ftc.gov,Female,N
481,Garwin,Jedrzejewicz,ajedrzejewiczdc@godaddy.com,Male,N
482,Illa,Plampeyn,hplampeyndd@blinklist.com,Female,N
483,Henderson,Frankiewicz,sfrankiewiczde@apache.org,Male,N
484,Micah,Budgen,fbudgendf@hp.com,Male,N
485,Foster,Hardie,whardiedg@yolasite.com,Male,N
486,Willyt,Prescott,wprescottdh@hp.com,Female,N
487,Izaak,Bellie,pbelliedi@bigcartel.com,Agender,N
488,Patrizius,Burchmore,sburchmoredj@bing.com,Male,N
489,Tadeas,Bisseker,cbissekerdk@chronoengine.com,Male,N
490,Boris,Benaine,ubenainedl@creativecommons.org,Male,N
491,Vi,Stithe,mstithedm@umn.edu,Female,N
492,Nickolaus,Scoterbosh,yscoterboshdn@dot.gov,Male,N
493,Robinetta,Greengrass,ngreengrassdo@wikispaces.com,Female,N
494,Silvain,Burness,dburnessdp@virginia.edu,Male,N
495,Johannes,Jobin,njobindq@ameblo.jp,Genderfluid,N
496,Jackie,Hullins,shullinsdr@deviantart.com,Female,N
497,Jeana,McKeefry,cmckeefryds@nifty.com,Female,N
498,Olin,Symmons,rsymmonsdt@census.gov,Male,N
499,Greg,Garnul,ngarnuldu@rakuten.co.jp,Male,N
500,Dedie,Jahn,qjahndv@simplemachines.org,Female,N
501,Molly,Wint,jwintdw@hp.com,Female,N
502,Torrence,Larder,ilarderdx@cpanel.net,Male,N
503,Jake,Gall,jgalldy@guardian.co.uk,Male,N
504,Nadia,Goring,ogoringdz@cnn.com,Female,N
505,Octavius,Fraser,efrasere0@de.vu,Male,N
506,Barny,Choffin,schoffine1@soundcloud.com,Male,N
507,Fletch,Maddie,amaddiee2@bbc.co.uk,Male,N
508,Emmye,Cotton,rcottone3@cbsnews.com,Female,N
509,Mignonne,Heliar,wheliare4@scribd.com,Female,N
510,Humbert,Upex,fupexe5@amazon.co.jp,Male,N
511,Guglielmo,Alway,calwaye6@topsy.com,Male,N
512,Kendrick,Strauss,istrausse7@zimbio.com,Male,N
513,Skyler,Hedon,mhedone8@amazonaws.com,Male,N
514,Basia,Hartzog,ahartzoge9@live.com,Female,N
515,Ingaborg,Skahill,askahillea@tuttocitta.it,Female,N
516,Winifield,Bougen,rbougeneb@nymag.com,Male,N
517,Sibley,Cutbirth,rcutbirthec@oaic.gov.au,Female,N
518,Hildagard,Losemann,wlosemanned@lycos.com,Female,N
519,Douglas,Olney,jolneyee@sourceforge.net,Male,N
520,Britteny,Dutt,rduttef@wikispaces.com,Agender,N
521,Allan,Pepineaux,fpepineauxeg@upenn.edu,Male,N
522,Edd,Bernardini,mbernardinieh@trellian.com,Male,N
523,Patton,Stebles,hsteblesei@reuters.com,Male,N
524,Ingunna,Stanmer,gstanmerej@51.la,Female,N
525,Elmo,Fernanando,kfernanandoek@springer.com,Male,N
526,Janice,Howood,fhowoodel@artisteer.com,Female,N
527,Dee,Rendall,brendallem@smh.com.au,Genderfluid,N
528,Elliott,Beatens,tbeatensen@cocolog-nifty.com,Male,N
529,Xylia,Janca,cjancaeo@homestead.com,Agender,N
530,Anna-maria,Bernardes,mbernardesep@digg.com,Female,N
531,Norri,Chapellow,wchapelloweq@unicef.org,Bigender,N
532,Myca,Fairfoull,vfairfouller@topsy.com,Male,N
533,Adrianne,Flowerden,jflowerdenes@sina.com.cn,Female,N
534,Abbie,Darbon,gdarbonet@eventbrite.com,Male,N
535,Marco,Baudi,kbaudieu@goodreads.com,Male,N
536,Maynord,McNish,imcnishev@unc.edu,Non-binary,N
537,Ike,Dellenbrok,pdellenbrokew@free.fr,Genderfluid,N
538,Zacharia,Gyngell,ngyngellex@blogtalkradio.com,Male,N
539,Miguela,Norcliffe,bnorcliffeey@list-manage.com,Female,N
540,Benedetto,Brunke,ebrunkeez@usatoday.com,Male,N
541,Isaac,Cope,tcopef0@domainmarket.com,Male,N
542,Marcus,Desaur,fdesaurf1@i2i.jp,Male,N
543,Cooper,Jachtym,fjachtymf2@g.co,Male,N
544,Amy,Lilliman,klillimanf3@wisc.edu,Female,N
545,Lilla,Baumer,fbaumerf4@tripod.com,Female,N
546,Annecorinne,Blackesland,jblackeslandf5@china.com.cn,Female,N
547,Elsbeth,Trighton,strightonf6@g.co,Female,N
548,Maureen,Jacke,rjackef7@gmpg.org,Female,N
549,Paige,Tripon,striponf8@github.com,Female,N
550,Jemimah,Fiddian,bfiddianf9@adobe.com,Female,N
551,Gretel,Willox,wwilloxfa@webmd.com,Female,N
552,Sergio,Pawlett,bpawlettfb@theglobeandmail.com,Male,N
553,Katusha,Bent,dbentfc@about.com,Female,N
554,Catlin,Duckering,rduckeringfd@blogger.com,Female,N
555,Bastien,Welbourn,fwelbournfe@youku.com,Male,N
556,Page,Borer,rborerff@chicagotribune.com,Female,N
557,Heinrick,Tiron,wtironfg@blog.com,Male,N
558,Garik,Areles,parelesfh@altervista.org,Male,N
559,Hilton,Walbrun,fwalbrunfi@marketwatch.com,Male,N
560,Cassandre,Clamp,rclampfj@discuz.net,Female,N
561,Abigael,Paolucci,npaoluccifk@smugmug.com,Female,N
562,Dorolice,Bellocht,hbellochtfl@blogtalkradio.com,Female,N
563,Saree,Yaakov,jyaakovfm@weibo.com,Female,N
564,Temp,Ferrarotti,rferrarottifn@about.me,Genderfluid,N
565,Alleyn,Bryceson,abrycesonfo@1688.com,Male,N
566,Hedy,Sicely,msicelyfp@adobe.com,Female,N
567,Elayne,Markovic,omarkovicfq@infoseek.co.jp,Polygender,N
568,Belicia,Pashley,apashleyfr@abc.net.au,Genderqueer,N
569,Franny,Aspland,lasplandfs@auda.org.au,Male,N
570,Merle,Byng,sbyngft@goodreads.com,Male,N
571,Quentin,Vose,hvosefu@live.com,Female,N
572,Rivkah,Fuchs,bfuchsfv@taobao.com,Female,N
573,Marcela,Gilliam,ggilliamfw@yandex.ru,Female,N
574,Erica,Livingstone,slivingstonefx@salon.com,Non-binary,N
575,Orrin,Pears,rpearsfy@marketwatch.com,Male,N
576,Meredeth,Dillingstone,pdillingstonefz@dagondesign.com,Male,N
577,Guinna,Whilde,vwhildeg0@etsy.com,Female,N
578,Fidel,Folini,wfolinig1@shareasale.com,Genderfluid,N
579,Abbye,Drinkhall,sdrinkhallg2@berkeley.edu,Female,N
580,Stephine,Ebbotts,debbottsg3@slideshare.net,Female,N
581,Nannie,Gabe,ugabeg4@taobao.com,Female,N
582,Kimmy,Rizzillo,erizzillog5@people.com.cn,Female,N
583,Ambrosio,Lorraine,alorraineg6@skype.com,Male,N
584,Greggory,Albery,aalberyg7@ed.gov,Male,N
585,Judye,Tack,ltackg8@over-blog.com,Female,N
586,Doyle,Emor,demorg9@indiatimes.com,Male,N
587,Alexia,Kirman,gkirmanga@amazon.co.uk,Genderqueer,N
588,Julita,Zavattari,czavattarigb@livejournal.com,Female,N
589,Leeanne,Gunthorp,kgunthorpgc@bigcartel.com,Female,N
590,Barnabe,Crookston,hcrookstongd@latimes.com,Male,N
591,Randall,Wardall,owardallge@sfgate.com,Male,N
592,Stefan,Aggis,baggisgf@4shared.com,Male,N
593,Levi,Collens,bcollensgg@cocolog-nifty.com,Male,N
594,Benoit,Edmonston,fedmonstongh@constantcontact.com,Male,N
595,Briny,Peepall,upeepallgi@1und1.de,Female,N
596,Clay,Jecock,kjecockgj@pinterest.com,Male,N
597,Carolin,Lenihan,plenihangk@unesco.org,Female,N
598,Nickey,Halleybone,bhalleybonegl@gmpg.org,Male,N
599,Evelin,Gudger,pgudgergm@cyberchimps.com,Male,N
600,Katee,Baxstair,nbaxstairgn@guardian.co.uk,Female,N
601,Stanleigh,Docket,gdocketgo@simplemachines.org,Male,N
602,Tyrone,Couzens,rcouzensgp@angelfire.com,Male,N
603,Rudolfo,Zanini,hzaninigq@is.gd,Male,N
604,Augustine,Vigus,nvigusgr@craigslist.org,Male,N
605,Nickola,Wintersgill,iwintersgillgs@histats.com,Male,N
606,Alfi,Le Marquis,glemarquisgt@google.com.hk,Female,N
607,Massimo,Copsey,bcopseygu@blogs.com,Male,N
608,Teri,Hearst,ahearstgv@opensource.org,Female,N
609,Shalom,Le Port,kleportgw@slideshare.net,Agender,N
610,Joelly,Di Napoli,ddinapoligx@ox.ac.uk,Female,N
611,Kacie,Wey,pweygy@vk.com,Female,N
612,Alexandros,Rampage,prampagegz@redcross.org,Male,N
613,Joel,Toon,stoonh0@redcross.org,Male,N
614,Angie,Pull,wpullh1@discovery.com,Female,N
615,Joline,Kyttor,rkyttorh2@booking.com,Female,N
616,Pippa,Gronno,hgronnoh3@pbs.org,Female,N
617,Dalston,Eaglesham,meagleshamh4@businessinsider.com,Male,N
618,Standford,Fyldes,kfyldesh5@creativecommons.org,Male,N
619,Augustine,Queripel,fqueripelh6@narod.ru,Non-binary,N
620,Virgie,Kemmet,rkemmeth7@joomla.org,Male,N
621,Grete,Vanyatin,pvanyatinh8@wired.com,Female,N
622,Kirsteni,Melrose,bmelroseh9@prweb.com,Female,N
623,Wynnie,Portigall,uportigallha@un.org,Female,N
624,Alon,Prozescky,gprozesckyhb@xinhuanet.com,Male,N
625,Tuesday,Corkan,kcorkanhc@pinterest.com,Female,N
626,Basile,Sandwich,nsandwichhd@taobao.com,Male,N
627,Rozanna,Riply,lriplyhe@dailymotion.com,Female,N
628,Hope,Parkins,gparkinshf@chronoengine.com,Female,N
629,Flint,Hasson,phassonhg@scribd.com,Male,N
630,Ardelle,Dunton,tduntonhh@trellian.com,Female,N
631,Rochella,Satterlee,isatterleehi@sogou.com,Female,N
632,Tiff,Androlli,eandrollihj@sphinn.com,Female,N
633,Saxon,Prando,gprandohk@histats.com,Polygender,N
634,Vivienne,Thorne,pthornehl@rambler.ru,Female,N
635,Leola,Ambler,famblerhm@forbes.com,Female,N
636,Tammie,Caldairou,ecaldairouhn@arstechnica.com,Male,N
637,Johnathan,Sartain,msartainho@pagesperso-orange.fr,Male,N
638,Iain,Bestar,gbestarhp@nationalgeographic.com,Male,N
639,Shelia,Abbison,aabbisonhq@friendfeed.com,Female,N
640,Massimiliano,Robben,brobbenhr@chronoengine.com,Male,N
641,Sandro,Frusher,kfrusherhs@google.nl,Male,N
642,Philbert,Andrea,gandreaht@thetimes.co.uk,Agender,N
643,Westbrook,Weatherdon,lweatherdonhu@epa.gov,Male,N
644,Eustace,Sedgebeer,ksedgebeerhv@macromedia.com,Male,N
645,Mallory,Hemeret,fhemerethw@nbcnews.com,Male,N
646,Frederic,Pietzner,tpietznerhx@cdbaby.com,Male,N
647,Maridel,Arminger,carmingerhy@thetimes.co.uk,Female,N
648,Kalina,Radloff,aradloffhz@sphinn.com,Female,N
649,Fae,Mottinelli,wmottinellii0@ehow.com,Female,N
650,Janella,Sendley,osendleyi1@4shared.com,Female,N
651,Alena,Nalder,dnalderi2@wikipedia.org,Female,N
652,Bertie,Mostyn,mmostyni3@posterous.com,Male,N
653,Carroll,Johannesson,rjohannessoni4@reverbnation.com,Female,N
654,Carlota,Sausman,gsausmani5@apple.com,Female,N
655,Hi,Parriss,rparrissi6@nydailynews.com,Male,N
656,Shay,Bengal,jbengali7@vimeo.com,Male,N
657,Orly,Errington,terringtoni8@squarespace.com,Female,N
658,Mel,Fishly,gfishlyi9@buzzfeed.com,Male,N
659,Ginni,Tarte,rtarteia@sfgate.com,Female,N
660,Jaclin,Vannucci,nvannucciib@homestead.com,Female,N
661,Camey,O'Downe,bodowneic@wp.com,Genderqueer,N
662,Baryram,Hosten,ahostenid@hud.gov,Male,N
663,Gerry,Trenfield,ltrenfieldie@studiopress.com,Female,N
664,Godart,Bather,sbatherif@yahoo.com,Male,N
665,Evelin,Hunday,khundayig@t.co,Male,N
666,Nonie,Corteis,zcorteisih@studiopress.com,Female,N
667,Glynda,Rimer,hrimerii@bbb.org,Female,N
668,Veda,Lesmonde,jlesmondeij@yahoo.com,Female,N
669,Angil,Whiteland,nwhitelandik@uol.com.br,Female,N
670,Kameko,Luckcock,cluckcockil@cnet.com,Female,N
671,Dayna,Osinin,bosininim@sohu.com,Female,N
672,Enrika,Cream,wcreamin@rakuten.co.jp,Female,N
673,Camilla,McGreil,cmcgreilio@eepurl.com,Female,N
674,Danya,Czaja,eczajaip@unicef.org,Male,N
675,Caril,Ferriday,bferridayiq@goo.ne.jp,Female,N
676,Liane,Halwood,dhalwoodir@si.edu,Female,N
677,Obadias,Romayne,wromayneis@biblegateway.com,Male,N
678,Bernetta,Cottage,dcottageit@miitbeian.gov.cn,Female,N
679,Wallie,Alecock,balecockiu@freewebs.com,Male,N
680,Ursulina,Shapter,ishapteriv@arstechnica.com,Female,N
681,Sollie,MacKintosh,gmackintoshiw@nymag.com,Male,N
682,Catherina,Hallet,bhalletix@gizmodo.com,Female,N
683,Conroy,Asser,gasseriy@cam.ac.uk,Male,N
684,Verine,MacCarter,jmaccarteriz@nbcnews.com,Female,N
685,Simona,Ainsley,lainsleyj0@wordpress.org,Female,N
686,Blane,Whooley,bwhooleyj1@deviantart.com,Agender,N
687,Daffi,Godmar,fgodmarj2@who.int,Female,N
688,Arleen,Overshott,uovershottj3@hubpages.com,Female,N
689,Bonni,Ferriday,pferridayj4@answers.com,Female,N
690,Dulcy,Gallichiccio,agallichiccioj5@guardian.co.uk,Female,N
691,Alayne,Venart,uvenartj6@umich.edu,Female,N
692,Grove,Middiff,bmiddiffj7@tripadvisor.com,Male,N
693,Cyndy,Woodburne,jwoodburnej8@china.com.cn,Female,N
694,Jarvis,Bifield,abifieldj9@miitbeian.gov.cn,Male,N
695,Lu,Claringbold,eclaringboldja@facebook.com,Female,N
696,Alis,Otto,dottojb@ning.com,Female,N
697,Kirsteni,Pedwell,ipedwelljc@wikispaces.com,Female,N
698,Thomasina,Tinghill,mtinghilljd@ed.gov,Female,N
699,Cecelia,Collens,bcollensje@webnode.com,Bigender,N
700,Waldemar,Biggadyke,wbiggadykejf@virginia.edu,Male,N
701,Dagmar,Grimwood,fgrimwoodjg@studiopress.com,Female,N
702,Lance,Leadbeater,ileadbeaterjh@topsy.com,Male,N
703,Padget,Davoren,fdavorenji@cloudflare.com,Male,N
704,Lenna,Booth-Jarvis,dboothjarvisjj@prlog.org,Female,N
705,Jeanie,Bellin,mbellinjk@toplist.cz,Agender,N
706,Egon,Scupham,mscuphamjl@noaa.gov,Male,N
707,Neilla,Le Gassick,glegassickjm@yellowpages.com,Female,N
708,Corbet,Lingley,jlingleyjn@t-online.de,Male,N
709,Ali,Kedslie,wkedsliejo@oracle.com,Male,N
710,Normy,Maddrell,smaddrelljp@ifeng.com,Polygender,N
711,Yale,Portman,wportmanjq@discovery.com,Male,N
712,Zachariah,Fishenden,cfishendenjr@umn.edu,Male,N
713,Ann-marie,Clinnick,wclinnickjs@163.com,Female,N
714,Donavon,Moline,pmolinejt@dell.com,Male,N
715,Dalton,Mudie,nmudieju@networksolutions.com,Male,N
716,Melisande,Quenell,rquenelljv@bloglovin.com,Female,N
717,Pen,Hanbury,fhanburyjw@jalbum.net,Male,N
718,Francine,Shilburne,jshilburnejx@yolasite.com,Female,N
719,Yule,Wilne,awilnejy@google.co.jp,Male,N
720,Georgy,Loughren,zloughrenjz@army.mil,Male,N
721,Aldric,Fobidge,mfobidgek0@nhs.uk,Male,N
722,Lorant,Weson,gwesonk1@upenn.edu,Male,N
723,Chick,Hoys,fhoysk2@unc.edu,Male,N
724,Virgilio,Watkiss,bwatkissk3@tinypic.com,Male,N
725,Koo,Thoms,ethomsk4@vimeo.com,Female,N
726,Ginni,O'Kennedy,eokennedyk5@histats.com,Female,N
727,Lani,Holttom,eholttomk6@arstechnica.com,Female,N
728,Frederique,Desesquelle,ldesesquellek7@people.com.cn,Female,N
729,Valerie,Veryard,dveryardk8@odnoklassniki.ru,Female,N
730,Laurie,Zamorano,gzamoranok9@google.com.hk,Female,N
731,Cassondra,Applegate,wapplegateka@unc.edu,Female,N
732,Wally,Tampling,btamplingkb@google.it,Female,N
733,Simmonds,Gravett,lgravettkc@tripod.com,Male,N
734,Fedora,Rennard,drennardkd@php.net,Female,N
735,Hurleigh,Blunsum,dblunsumke@tamu.edu,Genderfluid,N
736,Roana,Loncaster,tloncasterkf@google.fr,Genderqueer,N
737,Emlynn,Saunt,isauntkg@fda.gov,Female,N
738,Moises,Leer,nleerkh@ifeng.com,Male,N
739,Gleda,Spalls,pspallski@indiegogo.com,Female,N
740,Julee,Godfrey,dgodfreykj@adobe.com,Female,N
741,Essy,Ormond,formondkk@berkeley.edu,Female,N
742,Ahmed,Beacom,obeacomkl@sbwire.com,Male,N
743,Mikael,Harvett,bharvettkm@ibm.com,Male,N
744,Webb,Theakston,mtheakstonkn@themeforest.net,Male,N
745,Barret,Ubee,pubeeko@github.com,Male,N
746,Grange,Wink,cwinkkp@netlog.com,Agender,N
747,Brynna,McPhelimey,mmcphelimeykq@seesaa.net,Female,N
748,Devi,Oades,koadeskr@opera.com,Female,N
749,Mab,Dawes,mdawesks@taobao.com,Female,N
750,Jerry,Wiskar,rwiskarkt@japanpost.jp,Non-binary,N
751,Ellwood,Meas,bmeasku@mashable.com,Male,N
752,Mart,Loxton,bloxtonkv@newyorker.com,Male,N
753,Alden,Tosspell,ftosspellkw@boston.com,Genderqueer,N
754,Ethelin,Soares,lsoareskx@smh.com.au,Female,N
755,Pen,Passion,gpassionky@google.com.br,Male,N
756,Keenan,Getcliffe,dgetcliffekz@tmall.com,Male,N
757,Shamus,Kunzelmann,akunzelmannl0@about.me,Male,N
758,Marga,Klassmann,rklassmannl1@nydailynews.com,Female,N
759,Boris,Hamley,dhamleyl2@tinypic.com,Male,N
760,Britte,Jenne,ejennel3@npr.org,Female,N
761,Gabi,Idell,hidelll4@marketwatch.com,Female,N
762,Leoine,McDade,hmcdadel5@oracle.com,Female,N
763,Andie,Davenhall,mdavenhalll6@baidu.com,Male,N
764,Nealy,Durdy,pdurdyl7@timesonline.co.uk,Male,N
765,Way,Leonardi,eleonardil8@simplemachines.org,Male,N
766,Gottfried,Halversen,dhalversenl9@pagesperso-orange.fr,Male,N
767,Thaxter,Fosse,ffossela@psu.edu,Male,N
768,Henrieta,Molfino,amolfinolb@dedecms.com,Female,N
769,Hernando,Danes,jdaneslc@dion.ne.jp,Male,N
770,Ynez,Scullion,kscullionld@163.com,Non-binary,N
771,Dulcia,Verny,svernyle@tinyurl.com,Female,N
772,Melvin,Elphinston,gelphinstonlf@meetup.com,Male,N
773,Lorry,Verlinden,kverlindenlg@statcounter.com,Male,N
774,Aubrey,Hickenbottom,shickenbottomlh@ibm.com,Female,N
775,Andris,Zanni,nzannili@so-net.ne.jp,Male,N
776,Jessamine,Ossulton,rossultonlj@va.gov,Female,N
777,Isabeau,Wapol,cwapollk@mayoclinic.com,Genderfluid,N
778,Trula,Hugli,ehuglill@oakley.com,Female,N
779,Angil,Kleinstein,bkleinsteinlm@bluehost.com,Female,N
780,Shawna,Shardlow,nshardlowln@instagram.com,Female,N
781,Donelle,Vido,svidolo@alibaba.com,Female,N
782,Alleyn,McFadzean,rmcfadzeanlp@google.es,Male,N
783,Mala,Romayne,gromaynelq@theglobeandmail.com,Female,N
784,Kari,Lipscomb,mlipscomblr@bing.com,Female,N
785,Savina,Lorentz,slorentzls@abc.net.au,Female,N
786,Charline,Duffield,rduffieldlt@com.com,Female,N
787,Mina,Cordingley,scordingleylu@cocolog-nifty.com,Female,N
788,Adore,Littlekit,ylittlekitlv@dailymail.co.uk,Female,N
789,Lydie,Devote,cdevotelw@statcounter.com,Female,N
790,Townsend,Skoof,gskooflx@dion.ne.jp,Male,N
791,Jillie,Cluckie,bcluckiely@sakura.ne.jp,Female,N
792,Kevyn,Landall,jlandalllz@elpais.com,Female,N
793,Christophe,Schistl,ischistlm0@amazon.co.uk,Male,N
794,Catarina,Sallans,ssallansm1@macromedia.com,Female,N
795,Roddie,Noteyoung,wnoteyoungm2@simplemachines.org,Male,N
796,Darius,Senton,jsentonm3@chronoengine.com,Bigender,N
797,Twila,Drysdale,ddrysdalem4@privacy.gov.au,Female,N
798,Ethelred,Fetherstan,afetherstanm5@yelp.com,Male,N
799,Emmanuel,Bend,zbendm6@example.com,Male,N
800,Flossy,Nevinson,fnevinsonm7@pcworld.com,Female,N
801,Sigmund,Wrout,uwroutm8@blog.com,Male,N
802,Giustino,Hulkes,lhulkesm9@xrea.com,Male,N
803,Sammy,Dargan,ddarganma@marriott.com,Female,N
804,Kendre,Agass,pagassmb@aboutads.info,Female,N
805,Jakob,Kesper,skespermc@ca.gov,Male,N
806,Catarina,Juan,bjuanmd@ca.gov,Agender,N
807,Lorilyn,Pagen,cpagenme@illinois.edu,Female,N
808,Eugenio,Thal,athalmf@about.me,Male,N
809,Toby,McCoveney,fmccoveneymg@umn.edu,Female,N
810,Brittney,Meynell,jmeynellmh@dailymail.co.uk,Bigender,N
811,Booth,Dyott,tdyottmi@nasa.gov,Male,N
812,Erik,Elce,aelcemj@businesswire.com,Male,N
813,Karine,Proughten,jproughtenmk@unc.edu,Female,N
814,Persis,Salman,msalmanml@amazon.co.jp,Agender,N
815,Hilde,Pail,dpailmm@gmpg.org,Female,N
816,Marchelle,Kinrade,skinrademn@independent.co.uk,Female,N
817,Wade,Carthew,dcarthewmo@skype.com,Agender,N
818,Lil,Beuscher,abeuschermp@paginegialle.it,Female,N
819,Russell,Cancellieri,pcancellierimq@eventbrite.com,Male,N
820,Hanny,Nealon,fnealonmr@pcworld.com,Female,N
821,Cybil,Blabber,mblabberms@ucla.edu,Female,N
822,Laverna,Mickan,cmickanmt@privacy.gov.au,Bigender,N
823,Stillmann,Varnham,rvarnhammu@e-recht24.de,Male,N
824,Pernell,Plampin,rplampinmv@wsj.com,Non-binary,N
825,Robinette,Ruffles,vrufflesmw@weather.com,Female,N
826,Justine,Klezmski,gklezmskimx@reference.com,Female,N
827,Crichton,Nolot,lnolotmy@jugem.jp,Male,N
828,Aguistin,Mooney,nmooneymz@uiuc.edu,Male,N
829,Karon,Bhatia,jbhatian0@vkontakte.ru,Female,N
830,Lucias,Thackray,dthackrayn1@networkadvertising.org,Male,N
831,Alfreda,Sliney,tslineyn2@nhs.uk,Female,N
832,Clayborn,Ledington,lledingtonn3@house.gov,Male,N
833,Inglebert,Standbridge,lstandbridgen4@zimbio.com,Male,N
834,Marianna,Roeby,rroebyn5@wiley.com,Female,N
835,Brooke,Bather,tbathern6@1und1.de,Female,N
836,Dusty,Garric,wgarricn7@wp.com,Female,N
837,Claudette,Penhalurick,jpenhalurickn8@unc.edu,Female,N
838,Auroora,Mully,imullyn9@live.com,Female,N
839,Basil,Ambroix,tambroixna@archive.org,Male,N
840,Caspar,Fairbrother,rfairbrothernb@illinois.edu,Male,N
841,Elisabetta,Pinniger,bpinnigernc@google.com.au,Female,N
842,Eirena,Yerborn,pyerbornnd@moonfruit.com,Female,N
843,Arlyne,Muehler,nmuehlerne@hud.gov,Female,N
844,Osbourn,Lippi,wlippinf@psu.edu,Male,N
845,Willis,Terram,vterramng@creativecommons.org,Male,N
846,Velvet,Cheney,scheneynh@rediff.com,Female,N
847,Ogdon,Lathwell,ilathwellni@cloudflare.com,Male,N
848,Beatrisa,Wilflinger,fwilflingernj@cisco.com,Female,N
849,Milicent,Gaskarth,wgaskarthnk@deliciousdays.com,Female,N
850,Di,Batrop,ebatropnl@opensource.org,Female,N
851,Leodora,Scoffins,bscoffinsnm@ameblo.jp,Female,N
852,Rodrick,Budding,jbuddingnn@fc2.com,Polygender,N
853,Bride,Wesley,bwesleyno@artisteer.com,Female,N
854,Stefan,Gai,mgainp@amazon.com,Male,N
855,Desi,McCaster,tmccasternq@constantcontact.com,Male,N
856,Janaye,Carnow,wcarnownr@psu.edu,Female,N
857,Petronia,Lowndesbrough,blowndesbroughns@desdev.cn,Female,N
858,Ly,Spray,tspraynt@lycos.com,Male,N
859,Kitti,Adshede,aadshedenu@dailymail.co.uk,Female,N
860,Vidovic,Winton,owintonnv@netlog.com,Male,N
861,Tarrance,Dungate,fdungatenw@sitemeter.com,Male,N
862,Edvard,Kenworthy,wkenworthynx@globo.com,Male,N
863,Gracia,Yorath,jyorathny@fastcompany.com,Female,N
864,Mireielle,Thurstan,wthurstannz@oaic.gov.au,Female,N
865,Caria,Comberbeach,gcomberbeacho0@dedecms.com,Female,N
866,Patrizio,Parlour,iparlouro1@reuters.com,Male,N
867,Kip,Docker,zdockero2@51.la,Female,N
868,Moore,Bartel,sbartelo3@admin.ch,Male,N
869,Grethel,Somerton,bsomertono4@chron.com,Female,N
870,Staci,Sumnall,vsumnallo5@blogger.com,Female,N
871,Leonore,Vannoort,evannoorto6@mit.edu,Polygender,N
872,Lyle,Tatlowe,dtatloweo7@myspace.com,Male,N
873,Halette,Mc Giffin,smcgiffino8@wsj.com,Female,N
874,Oswell,Trobe,ntrobeo9@unc.edu,Male,N
875,Montgomery,Astlatt,hastlattoa@java.com,Male,N
876,Adria,Beverstock,cbeverstockob@dailymail.co.uk,Agender,N
877,Philbert,Froome,dfroomeoc@unesco.org,Male,N
878,Bella,Urrey,furreyod@smh.com.au,Female,N
879,Angelita,Popham,kpophamoe@ted.com,Female,N
880,Elinore,Arbuckle,yarbuckleof@newyorker.com,Female,N
881,Freddy,Rainy,erainyog@clickbank.net,Polygender,N
882,Kevon,Chate,tchateoh@geocities.com,Male,N
883,Aida,Marcome,dmarcomeoi@answers.com,Female,N
884,Marwin,Fotitt,afotittoj@blogger.com,Male,N
885,Ignacius,O'Harney,voharneyok@oaic.gov.au,Male,N
886,Ami,Hargess,phargessol@smugmug.com,Female,N
887,Anett,Roo,crooom@businessinsider.com,Female,N
888,Dorella,Fulle,efulleon@delicious.com,Female,N
889,Adelina,Grigorian,rgrigorianoo@bloomberg.com,Female,N
890,Gav,Pablo,cpabloop@pagesperso-orange.fr,Male,N
891,Cyndie,Saggs,ssaggsoq@mozilla.com,Female,N
892,Kristin,Keedwell,hkeedwellor@stanford.edu,Female,N
893,Herbert,Giacomazzo,cgiacomazzoos@google.nl,Male,N
894,Mahmoud,Rupel,crupelot@indiegogo.com,Male,N
895,Randene,Lightwood,slightwoodou@example.com,Female,N
896,Shina,Flippini,sflippiniov@sourceforge.net,Female,N
897,Jesse,Petrusch,hpetruschow@weebly.com,Female,N
898,Ferdinanda,Blasik,bblasikox@flavors.me,Female,N
899,Jamaal,Shakespeare,fshakespeareoy@alexa.com,Male,N
900,Polly,Gillam,dgillamoz@diigo.com,Female,N
901,Maureene,Ballantine,gballantinep0@ca.gov,Female,N
902,Mary,Lemmer,glemmerp1@twitpic.com,Female,N
903,Druci,Horder,mhorderp2@paypal.com,Female,N
904,Frank,Cavaney,rcavaneyp3@nasa.gov,Male,N
905,Vallie,Tsar,otsarp4@istockphoto.com,Female,N
906,Nata,Fisbey,ufisbeyp5@sciencedirect.com,Female,N
907,Raimund,Mokes,amokesp6@indiatimes.com,Polygender,N
908,Ruby,Duckerin,nduckerinp7@shareasale.com,Bigender,N
909,Mendie,Thom,sthomp8@ed.gov,Male,N
910,Petunia,Riddington,sriddingtonp9@tiny.cc,Female,N
911,Martie,Wennington,ewenningtonpa@jiathis.com,Male,N
912,Paolina,Cownden,rcowndenpb@ucsd.edu,Female,N
913,Jeri,Band,tbandpc@rakuten.co.jp,Female,N
914,Etta,Cuel,scuelpd@lycos.com,Female,N
915,Aldin,Gloves,bglovespe@usnews.com,Male,N
916,Culley,Soff,rsoffpf@umich.edu,Male,N
917,Kalindi,Barenski,tbarenskipg@wufoo.com,Female,N
918,Myrtice,Midlane,kmidlaneph@ezinearticles.com,Female,N
919,Deidre,Swetman,dswetmanpi@jugem.jp,Polygender,N
920,Rene,Addy,kaddypj@example.com,Male,N
921,Zoe,Banasiak,rbanasiakpk@samsung.com,Female,N
922,Dorine,Donavan,ddonavanpl@nature.com,Genderqueer,N
923,Simonne,Kilmurry,ikilmurrypm@plala.or.jp,Female,N
924,Newton,Lunt,iluntpn@usatoday.com,Male,N
925,Nickola,Joplin,rjoplinpo@spotify.com,Male,N
926,Gino,Deignan,cdeignanpp@msu.edu,Male,N
927,Collin,Branscombe,hbranscombepq@who.int,Male,N
928,Winnie,Speariett,tspeariettpr@paginegialle.it,Male,N
929,Carolyne,Bruneau,wbruneaups@123-reg.co.uk,Female,N
930,Debbie,Klebes,pklebespt@netvibes.com,Female,N
931,Thorstein,Winspare,gwinsparepu@marriott.com,Male,N
932,Ibrahim,Vouls,evoulspv@huffingtonpost.com,Male,N
933,Leshia,Iacobacci,riacobaccipw@canalblog.com,Female,N
934,Phyllida,Wallsworth,rwallsworthpx@multiply.com,Female,N
935,Cass,Cobley,ecobleypy@meetup.com,Non-binary,N
936,Don,Lorenz,jlorenzpz@plala.or.jp,Male,N
937,Carina,Ebben,gebbenq0@joomla.org,Female,N
938,Vitia,Davidsson,idavidssonq1@1und1.de,Female,N
939,Shell,Gladwell,rgladwellq2@slideshare.net,Agender,N
940,Helene,Larby,blarbyq3@cisco.com,Female,N
941,Danie,Skeat,zskeatq4@yahoo.co.jp,Male,N
942,Rowena,Fessler,rfesslerq5@google.co.uk,Female,N
943,Anica,Wardingley,lwardingleyq6@domainmarket.com,Female,N
944,Florencia,Howis,hhowisq7@mlb.com,Female,N
945,Brandtr,Kinchington,dkinchingtonq8@liveinternet.ru,Male,N
946,Kattie,Hoyes,dhoyesq9@imageshack.us,Non-binary,N
947,Ozzie,Stephens,bstephensqa@latimes.com,Male,N
948,Purcell,Coffin,acoffinqb@icq.com,Male,N
949,Donnie,Paulsen,wpaulsenqc@ebay.co.uk,Male,N
950,Prentiss,Worvill,fworvillqd@jugem.jp,Male,N
951,Darlene,Maplestone,emaplestoneqe@icq.com,Female,N
952,Colette,Chinn,schinnqf@imageshack.us,Female,N
953,Rubia,Havelin,whavelinqg@washington.edu,Female,N
954,Gregorio,Fritzer,efritzerqh@yolasite.com,Male,N
955,Sherman,Coolahan,scoolahanqi@discuz.net,Male,N
956,Dulcy,Denisovich,hdenisovichqj@csmonitor.com,Female,N
957,Josepha,Scoffins,jscoffinsqk@odnoklassniki.ru,Female,N
958,Lillis,Payze,jpayzeql@shareasale.com,Female,N
959,Odille,Escale,lescaleqm@blogspot.com,Female,N
960,Woodman,Johantges,pjohantgesqn@jalbum.net,Male,N
961,Hi,Simonot,gsimonotqo@goo.gl,Male,N
962,Riki,Howsden,jhowsdenqp@multiply.com,Non-binary,N
963,Carrie,Kivlin,gkivlinqq@liveinternet.ru,Female,N
964,Glori,Schaben,dschabenqr@wp.com,Female,N
965,Shandra,Prowse,mprowseqs@github.io,Female,N
966,Trixi,Vogl,avoglqt@cdc.gov,Bigender,N
967,Gretchen,Da Costa,bdacostaqu@answers.com,Female,N
968,Melvyn,Dibnah,gdibnahqv@51.la,Male,N
969,Tamra,McDermot,cmcdermotqw@noaa.gov,Female,N
970,Wiley,Franscioni,mfranscioniqx@alexa.com,Agender,N
971,Minerva,Banger,lbangerqy@jiathis.com,Female,N
972,Roderich,Oventon,toventonqz@cnet.com,Male,N
973,Ki,Fulmen,tfulmenr0@umich.edu,Female,N
974,Alana,Cockarill,gcockarillr1@reverbnation.com,Female,N
975,Adriana,Caccavari,hcaccavarir2@ustream.tv,Female,N
976,Linnet,Conkey,sconkeyr3@themeforest.net,Female,N
977,Lexy,Petegrew,spetegrewr4@mozilla.com,Female,N
978,Gaspard,Wearden,sweardenr5@webnode.com,Male,N
979,Stephanie,Billingsley,nbillingsleyr6@opera.com,Female,N
980,Parke,Mansbridge,fmansbridger7@blogger.com,Male,N
981,Alexander,Yeaman,fyeamanr8@businessweek.com,Male,N
982,Kipp,Obee,jobeer9@flavors.me,Male,N
983,Paulina,McPhillimey,amcphillimeyra@smugmug.com,Female,N
984,Rhoda,Hames,khamesrb@pcworld.com,Genderqueer,N
985,Renaldo,Badrock,mbadrockrc@disqus.com,Male,N
986,Tom,Fulton,ffultonrd@cbc.ca,Male,N
987,Cassandra,McCreery,wmccreeryre@tuttocitta.it,Female,N
988,Nealson,McSweeney,rmcsweeneyrf@nationalgeographic.com,Male,N
989,Elke,Traske,mtraskerg@shinystat.com,Non-binary,N
990,Terrel,Leall,gleallrh@mtv.com,Male,N
991,Rosie,Ingraham,wingrahamri@berkeley.edu,Female,N
992,Aidan,Noads,snoadsrj@state.gov,Female,N
993,Lydon,Petrasek,apetrasekrk@bizjournals.com,Male,N
994,Thomasin,Raspel,hraspelrl@about.me,Female,N
995,Frances,Dalling,edallingrm@mozilla.org,Female,N
996,Olvan,Drage,mdragern@virginia.edu,Male,N
997,Gaby,Romme,trommero@merriam-webster.com,Male,N
998,Elisha,Tellenbach,stellenbachrp@google.ca,Bigender,N
999,Alys,Dulson,ndulsonrq@parallels.com,Female,N
1000,Barnett,Rosling,aroslingrr@nature.com,Male,N
